league_id,league,country,date,away_team,home_team,status,adv_total,adv_xpts_h,adv_xpts_a,adv_win_prob_h,adv_win_prob_a,adv_predicted,market_total,edge,side,decision,confidence,srs_total,srs_predicted,srs_win_prob_h,srs_win_prob_a,h_win_pct,h_scored,h_conceded,a_win_pct,a_scored,a_conceded
234,A1 Women,Greece,2026-03-22,Esperides Kalliotheas W,Proteas Voulas W,Cancelled,148.38,74.2,74.2,50.0,50.0,AWAY,,,,MODEL ONLY,NO PLAY,172.2,AWAY,18.2,81.8,0.5,99.4,94.9,0.5,99.4,94.9
198,ABA League,Europe,2026-03-22,FMP Beograd,Vienna Basket,Not Started,157.24,78.6,78.6,50.2,49.8,HOME,,,,MODEL ONLY,HIGH,,,,,0.35,47.9,52.8,0.368,47.8,51.7
198,ABA League,Europe,2026-03-22,Cedevita Olimpija,Igokea,Not Started,163.54,79.9,83.6,38.1,61.9,AWAY,,,,MODEL ONLY,HIGH,,,,,0.421,46.6,53.7,0.667,53.9,45.3
198,ABA League,Europe,2026-03-22,Mega Basket,Split,Not Started,154.39,76.2,78.2,43.5,56.5,AWAY,,,,MODEL ONLY,LOW,,,,,0.2,45.0,57.7,0.45,48.9,54.0
198,ABA League,Europe,2026-03-22,Partizan Mozzart Bet,Crvena Zvezda Meridianbet,Not Started,162.12,84.1,78.1,69.1,30.9,HOME,,,,MODEL ONLY,HIGH,,,,,0.737,56.4,46.7,0.35,44.4,50.9
117,ACB,Spain,2026-03-22,Joventut Badalona,Forca Lleida,Not Started,163.24,80.5,82.8,42.4,57.6,AWAY,,,,MODEL ONLY,HIGH,,,,,0.364,45.2,52.0,0.636,49.8,44.6
117,ACB,Spain,2026-03-22,Breogan,Gran Canaria,Not Started,162.3,79.6,82.7,39.8,60.2,AWAY,,,,MODEL ONLY,HIGH,,,,,0.318,44.0,49.5,0.364,50.2,54.8
117,ACB,Spain,2026-03-22,Basquet Girona,Baskonia,Not Started,172.99,88.0,85.0,59.7,40.3,HOME,,,,MODEL ONLY,HIGH,,,,,0.65,54.6,49.5,0.5,48.7,51.9
117,ACB,Spain,2026-03-22,Granada,Valencia,Not Started,168.3,87.9,80.5,73.1,26.9,HOME,,,,MODEL ONLY,HIGH,,,,,0.727,57.8,42.9,0.091,43.0,54.9
117,ACB,Spain,2026-03-22,Real Madrid,Barcelona,Not Started,178.99,88.9,90.0,46.3,53.7,AWAY,,,,MODEL ONLY,HIGH,,,,,0.682,53.1,43.5,0.909,55.3,44.5
76,BSN,Puerto Rico,2026-03-22,Indios de Mayaguez,Leones De Ponce,Game Finished,166.48,83.2,83.2,50.0,50.0,AWAY,,,,MODEL ONLY,HIGH,,,,,0.5,113.8,102.5,0.5,113.8,102.5
76,BSN,Puerto Rico,2026-03-22,Osos de Manati,San German,Not Started,170.76,81.8,88.9,27.7,72.3,AWAY,,,,MODEL ONLY,HIGH,,,,,0.25,112.7,107.5,0.5,126.9,127.6
45,Basket League,Greece,2026-03-22,Iraklis,AEK Athens,Not Started,159.54,80.9,78.6,57.6,42.4,HOME,,,,MODEL ONLY,HIGH,,,,,0.722,52.3,46.3,0.421,47.7,49.5
45,Basket League,Greece,2026-03-22,Panathinaikos,Panionios,Not Started,160.56,77.0,83.6,29.0,71.0,AWAY,,,,MODEL ONLY,HIGH,,,,,0.263,44.5,54.9,0.8,57.8,43.0
98,Basketettan W,Sweden,2026-03-22,Tureberg W,Lulea 2 W,Not Started,111.07,55.5,55.5,50.0,50.0,AWAY,,,,MODEL ONLY,HIGH,132.7,HOME,58.4,41.6,0.5,67.6,112.5,0.5,67.6,112.5
98,Basketettan W,Sweden,2026-03-22,Hammarby W,Ostersund 2 W,Not Started,111.07,55.5,55.5,50.0,50.0,AWAY,,,,MODEL ONLY,HIGH,170.6,AWAY,50.0,50.0,0.5,67.6,112.5,0.5,67.6,112.5
98,Basketettan W,Sweden,2026-03-22,Lobas W,Brahe 2 W,Not Started,111.07,55.5,55.5,50.0,50.0,AWAY,,,,MODEL ONLY,HIGH,170.6,AWAY,50.0,50.0,0.5,67.6,112.5,0.5,67.6,112.5
93,Basketligan,Sweden,2026-03-22,Sodertalje,Boras,Not Started,167.94,85.1,82.8,57.4,42.6,HOME,,,,MODEL ONLY,HIGH,,,,,0.611,53.3,46.8,0.684,48.8,41.7
93,Basketligan,Sweden,2026-03-22,Uppsala,BC Lulea,Not Started,168.4,86.1,82.3,62.6,37.4,HOME,,,,MODEL ONLY,HIGH,,,,,0.7,55.1,43.9,0.474,47.4,47.7
23,Belgian Cup,Belgium,2026-03-22,Leuven Bears,Antwerp Giants,Not Started,189.5,100.1,89.4,81.3,18.7,HOME,,,,MODEL ONLY,HIGH,,,,,1.0,149.1,94.4,1.0,127.8,87.1
251,CIBACOPA,Mexico,2026-03-22,Rayos de Hermosillo,Angeles CDMX,Game Finished,149.73,76.4,73.3,60.2,39.8,HOME,,,,MODEL ONLY,LOW,,,,,0.429,51.5,49.7,0.462,45.3,50.3
251,CIBACOPA,Mexico,2026-03-22,Toros Laguna,Astros,Game Finished,161.42,81.6,79.9,55.6,44.4,HOME,,,,MODEL ONLY,HIGH,,,,,1.0,54.2,39.1,0.667,50.8,46.2
251,CIBACOPA,Mexico,2026-03-22,Zonkeys de Tijuana,Caballeros de Culiacan,Game Finished,152.38,75.7,76.6,47.0,53.0,AWAY,,,,MODEL ONLY,MEDIUM,197.5,AWAY,50.0,50.0,0.286,48.4,57.2,0.706,50.2,45.1
251,CIBACOPA,Mexico,2026-03-22,Ostioneros de Guaymas,Pioneros de Los Mochis,Game Finished,155.33,78.3,77.0,54.3,45.7,HOME,,,,MODEL ONLY,HIGH,197.5,AWAY,50.0,50.0,0.5,51.6,52.4,0.267,49.0,51.9
251,CIBACOPA,Mexico,2026-03-22,Frayles de Guasave,Halcones de Obregon,Game Finished,161.53,80.8,80.7,50.2,49.8,HOME,,,,MODEL ONLY,HIGH,197.5,AWAY,50.0,50.0,0.643,52.6,47.7,0.571,52.5,52.3
153,Commissioners Cup,Philippines,2026-03-22,Magnolia Hotshots,Blackwater Bossing,Not Started,169.23,82.4,86.8,35.7,64.3,AWAY,,,,MODEL ONLY,HIGH,,,,,0.0,41.6,47.5,0.0,50.4,54.8
41,DBBL Women,Germany,2026-03-22,Alba Berlin W,Freiburg W,Not Started,123.18,56.8,66.4,21.2,78.8,AWAY,,,,MODEL ONLY,HIGH,,,,,0.1,71.8,109.1,0.579,91.0,79.9
41,DBBL Women,Germany,2026-03-22,Osnabruck W,Herner W,Not Started,128.5,63.9,64.6,47.5,52.5,AWAY,,,,MODEL ONLY,HIGH,,,,,0.25,84.2,97.6,0.526,85.7,87.5
41,DBBL Women,Germany,2026-03-22,Marburg W,Keltern W,Not Started,144.52,76.0,68.5,73.5,26.5,HOME,,,,MODEL ONLY,NO PLAY,,,,,0.95,106.0,72.4,0.55,90.9,88.7
41,DBBL Women,Germany,2026-03-22,Eigner Angels Nordlingen W,Saarlouis W,Not Started,130.88,69.5,61.4,74.9,25.1,HOME,,,,MODEL ONLY,HIGH,,,,,0.7,97.0,84.2,0.25,80.9,96.1
41,DBBL Women,Germany,2026-03-22,TK Hannover W,Syntainics MBC W,Not Started,136.61,67.7,68.9,46.0,54.0,AWAY,,,,MODEL ONLY,LOW,,,,,0.5,90.0,86.8,0.6,92.4,87.0
254,DBL Cup,Netherlands,2026-03-22,Donar Groningen,Zwolle,Not Started,189.65,89.8,99.9,20.0,80.0,AWAY,,,,MODEL ONLY,HIGH,,,,,1.0,128.5,75.8,1.0,148.7,82.5
386,EASL,Asia,2026-03-22,Ryukyu,Alvark,Quarter 2,170.49,83.4,87.1,38.1,61.9,AWAY,,,,MODEL ONLY,HIGH,209.5,AWAY,50.0,50.0,0.833,49.0,50.7,0.833,56.3,40.5
386,EASL,Asia,2026-03-22,Utsunomiya Brex,Taoyuan Pauian Pilots,Not Started,175.88,88.9,87.0,56.5,43.5,HOME,,,,MODEL ONLY,HIGH,209.5,AWAY,50.0,50.0,0.75,57.0,39.2,0.75,53.1,46.2
72,Energa Basket Liga,Poland,2026-03-22,Gdynia,Gornik Walbrzych,Not Started,158.57,78.5,80.1,44.9,55.1,AWAY,,,,MODEL ONLY,HIGH,,,,,0.545,47.0,48.4,0.619,50.1,46.8
73,Energa Basket Liga W,Poland,2026-03-22,Sosnowiec W,AZS Poznan W,Not Started,162.87,76.5,86.4,20.4,79.6,AWAY,,,,MODEL ONLY,HIGH,125.1,HOME,83.2,16.8,0.588,102.0,87.8,0.706,121.9,92.8
73,Energa Basket Liga W,Poland,2026-03-22,VBW Gdynia W,Gorzow W,Not Started,164.53,86.6,78.0,76.3,23.7,HOME,,,,MODEL ONLY,HIGH,152.3,HOME,73.8,26.2,0.882,122.2,74.3,0.353,105.0,107.9
73,Energa Basket Liga W,Poland,2026-03-22,Wisla Krakow W,Lublin W,Not Started,144.73,77.8,67.0,81.6,18.4,HOME,,,,MODEL ONLY,NO PLAY,143.9,HOME,98.9,1.1,0.706,109.4,88.1,0.412,87.8,101.8
73,Energa Basket Liga W,Poland,2026-03-22,Torun W,Sleza Wroclaw W,Not Started,156.36,83.9,72.4,83.1,16.9,HOME,,,,MODEL ONLY,HIGH,148.5,HOME,83.2,16.8,0.765,118.2,75.8,0.588,95.2,91.4
87,Extraliga,Slovakia,2026-03-22,BKM Lucenec,Nitra Blue Wings,Not Started,161.19,80.6,80.5,50.3,49.7,HOME,,,,MODEL ONLY,HIGH,,,,,0.677,50.4,46.2,0.433,50.2,53.1
229,I Divisioona A,Finland,2026-03-22,ACO Basket,HBA-Marsky Helsinki,Not Started,168.66,81.1,87.6,29.5,70.5,AWAY,,,,MODEL ONLY,HIGH,,,,,0.435,49.4,48.2,0.957,62.3,35.1
230,I Divisioona Women,Finland,2026-03-22,Pantterit W,Puhuttaret W,Not Started,136.18,68.8,67.4,54.6,45.4,HOME,,,,MODEL ONLY,HIGH,169.4,AWAY,50.0,50.0,0.692,55.9,40.9,0.615,53.1,46.3
230,I Divisioona Women,Finland,2026-03-22,PeKa II W,HNMKY W,Not Started,116.64,60.8,55.9,65.8,34.2,HOME,,,,MODEL ONLY,HIGH,169.4,AWAY,50.0,50.0,0.5,49.8,47.2,0.154,40.0,55.5
230,I Divisioona Women,Finland,2026-03-22,Salon Vilpas W,HyPo W,Not Started,100.89,52.7,48.2,64.6,35.4,HOME,,,,MODEL ONLY,HIGH,169.4,AWAY,50.0,50.0,0.308,40.0,62.3,0.0,31.0,72.4
230,I Divisioona Women,Finland,2026-03-22,Turun NMKY W,Espoo Team II W,Not Started,165.93,84.4,81.5,59.5,40.5,HOME,,,,MODEL ONLY,HIGH,169.4,AWAY,50.0,50.0,0.769,70.8,38.0,0.692,65.0,38.2
230,I Divisioona Women,Finland,2026-03-22,Lappeenranta W,Jyvaskyla BA W,Not Started,105.74,51.7,54.0,42.2,57.8,AWAY,,,,MODEL ONLY,HIGH,169.4,AWAY,50.0,50.0,0.182,35.0,62.6,0.2,39.7,59.0
230,I Divisioona Women,Finland,2026-03-22,Feeniks Basket W,LePy W,Not Started,117.23,61.2,56.0,66.9,33.1,HOME,,,,MODEL ONLY,HIGH,169.4,AWAY,50.0,50.0,0.545,50.5,41.3,0.417,40.0,51.4
91,KBL,South Korea,2026-03-22,Suwon KT,Anyang JungKwanJang,Game Finished,148.2,73.7,74.5,47.3,52.7,AWAY,,,,MODEL ONLY,NO PLAY,,,,,0.619,47.9,45.2,0.429,49.5,50.5
91,KBL,South Korea,2026-03-22,KoGas,Wonju DB,Quarter 1,146.3,73.5,72.8,52.5,47.5,HOME,,,,MODEL ONLY,NO PLAY,,,,,0.545,48.8,52.7,0.333,47.3,52.4
27,LBF W,Brazil,2026-03-22,Salvador W,Cerrado W,Not Started,118.36,63.9,54.4,78.6,21.4,HOME,,,,MODEL ONLY,HIGH,141.9,AWAY,50.0,50.0,0.333,86.1,84.9,0.0,67.1,103.4
260,LFB Women,Portugal,2026-03-22,Benfica W,Barcelos W,Not Started,143.65,69.3,74.4,33.7,66.3,AWAY,,,,MODEL ONLY,NO PLAY,,,,,0.471,92.8,93.4,0.833,102.9,74.8
260,LFB Women,Portugal,2026-03-22,Uniao Sportiva W,Galitos W,Not Started,128.51,59.5,69.0,21.4,78.6,AWAY,,,,MODEL ONLY,HIGH,,,,,0.118,77.2,98.4,0.444,96.2,94.4
260,LFB Women,Portugal,2026-03-22,CAB Madeira W,Gdessa Barreiro W,Not Started,126.94,64.9,62.0,59.5,40.5,HOME,,,,MODEL ONLY,HIGH,,,,,0.556,86.3,88.9,0.333,80.5,98.8
260,LFB Women,Portugal,2026-03-22,Imortal W,Quinta Dos Lombos W,Not Started,160.96,79.8,81.1,45.7,54.3,AWAY,,,,MODEL ONLY,HIGH,,,,,0.889,107.0,73.7,0.778,109.6,93.7
260,LFB Women,Portugal,2026-03-22,Sporting CP W,Sanjoanense W,Not Started,137.18,67.6,69.6,43.4,56.6,AWAY,,,,MODEL ONLY,LOW,,,,,0.235,89.6,110.1,0.5,93.6,86.4
260,LFB Women,Portugal,2026-03-22,Esgueira W,SC Coimbroes W,Not Started,128.15,60.7,67.5,28.4,71.6,AWAY,,,,MODEL ONLY,HIGH,,,,,0.294,79.5,100.7,0.5,93.2,98.9
60,LKL,Lithuania,2026-03-22,Lietkabelis,Rytas,Not Started,167.51,85.2,82.4,59.2,40.8,HOME,,,,MODEL ONLY,HIGH,,,,,0.6,54.3,46.7,0.5,48.7,47.0
60,LKL,Lithuania,2026-03-22,Siauliai,Zalgiris Kaunas,Not Started,170.53,86.8,83.7,60.0,40.0,HOME,,,,MODEL ONLY,HIGH,,,,,0.952,55.9,39.6,0.55,49.8,51.3
252,LMBPF Women,Mexico,2026-03-22,Estrellas W,Dragonas W,Game Postponed,146.3,69.1,77.2,24.7,75.3,AWAY,,,,MODEL ONLY,NO PLAY,,,,,0.25,48.6,55.3,1.0,65.0,30.6
204,Latvia-Estonian League,Europe,2026-03-22,VEF Riga,Ventspils,Not Started,173.41,86.0,87.5,45.0,55.0,AWAY,,,,MODEL ONLY,HIGH,,,,,0.654,119.2,105.0,0.808,122.2,92.8
204,Latvia-Estonian League,Europe,2026-03-22,BC Kalev/Cramo,Rigas Zelli,Not Started,181.05,88.4,92.7,36.0,64.0,AWAY,,,,MODEL ONLY,HIGH,143.1,HOME,77.2,22.8,0.769,124.0,95.3,0.769,132.6,94.9
52,Lega A,Italy,2026-03-22,Venezia,Trieste,Not Started,166.11,81.4,84.8,38.8,61.2,AWAY,,,,MODEL ONLY,HIGH,,,,,0.524,49.9,53.5,0.714,56.7,50.1
52,Lega A,Italy,2026-03-22,Cremona,Treviso,Not Started,150.96,75.0,76.0,46.8,53.2,AWAY,,,,MODEL ONLY,MEDIUM,,,,,0.143,46.6,56.6,0.364,48.5,51.9
18,Liga A,Argentina,2026-03-22,Quimsa,Argentino,Game Finished,138.78,66.3,72.5,30.4,69.6,AWAY,,,,MODEL ONLY,MEDIUM,,,,,0.2,39.3,59.9,0.652,51.6,44.6
18,Liga A,Argentina,2026-03-22,Atenas,Obras Sanitarias,Not Started,145.16,74.6,70.6,63.2,36.8,HOME,,,,MODEL ONLY,NO PLAY,198.3,AWAY,50.0,50.0,0.55,50.8,49.8,0.25,42.7,50.7
94,Liga Femenina W,Spain,2026-03-22,Ensino W,Perfumerias Avenida W,Not Started,135.19,73.4,61.8,83.2,16.8,HOME,,,,MODEL ONLY,HIGH,,,,,0.9,103.5,64.9,0.381,80.4,90.0
94,Liga Femenina W,Spain,2026-03-22,Ferrol W,IDK Gipuzkoa W,Not Started,134.82,65.9,68.9,40.0,60.0,AWAY,,,,MODEL ONLY,HIGH,,,,,0.571,86.9,77.2,0.571,93.0,84.7
94,Liga Femenina W,Spain,2026-03-22,Gran Canaria W,Zaragoza W,Not Started,134.89,69.5,65.4,63.4,36.6,HOME,,,,MODEL ONLY,HIGH,,,,,0.7,94.1,78.2,0.333,85.9,99.7
94,Liga Femenina W,Spain,2026-03-22,Uni Girona W,Valencia W,Not Started,139.19,71.6,67.6,63.1,36.9,HOME,,,,MODEL ONLY,MEDIUM,,,,,0.857,97.0,64.8,0.55,89.0,75.7
94,Liga Femenina W,Spain,2026-03-22,Araski W,Estudiantes W,Not Started,124.78,63.7,61.1,58.7,41.3,HOME,,,,MODEL ONLY,HIGH,,,,,0.5,83.9,79.4,0.35,78.6,92.9
206,Liga Femenina Women,Argentina,2026-03-22,Ferro W,Rocamora W,Game Finished,121.62,53.8,67.8,12.3,87.7,AWAY,,,,MODEL ONLY,HIGH,143.8,AWAY,50.0,50.0,0.1,65.9,106.0,0.75,93.8,75.3
206,Liga Femenina Women,Argentina,2026-03-22,Riachuelo W,Hindu W,Game Finished,120.37,63.3,57.1,69.7,30.3,HOME,,,,MODEL ONLY,HIGH,143.8,AWAY,50.0,50.0,0.692,84.8,72.8,0.083,72.4,107.4
206,Liga Femenina Women,Argentina,2026-03-22,Riachuelo W,Instituto W,Not Started,122.53,65.4,57.1,75.7,24.3,HOME,,,,MODEL ONLY,HIGH,143.8,AWAY,50.0,50.0,0.417,89.1,82.5,0.083,72.4,107.4
206,Liga Femenina Women,Argentina,2026-03-22,Avellaneda W,Gorriones W,Not Started,127.55,60.4,67.2,28.7,71.3,AWAY,,,,MODEL ONLY,HIGH,143.8,AWAY,50.0,50.0,0.545,79.0,80.3,0.583,92.5,80.4
61,NKL,Lithuania,2026-03-22,Rytas 2,Kretinga,Not Started,158.44,78.6,79.8,46.0,54.0,AWAY,,,,MODEL ONLY,HIGH,,,,,0.5,48.0,52.8,0.538,50.4,47.9
57,National League,Kazakhstan,2026-03-22,Astana,Almaty,Not Started,169.11,82.5,86.7,36.3,63.7,AWAY,,,,MODEL ONLY,HIGH,195.8,AWAY,50.0,50.0,0.533,52.8,49.2,0.893,61.2,35.7
397,National League Women,Kazakhstan,2026-03-22,Turan W,Zhetysu W,Not Started,114.4,55.1,59.3,36.2,63.8,AWAY,,,,MODEL ONLY,HIGH,167.7,AWAY,50.0,50.0,0.15,38.9,70.2,0.5,47.4,49.0
397,National League Women,Kazakhstan,2026-03-22,Barsy Atyrau W,Okzhetpes W,Not Started,128.36,64.5,63.8,52.3,47.7,HOME,,,,MODEL ONLY,HIGH,167.7,AWAY,50.0,50.0,0.6,52.3,40.1,0.455,50.9,50.1
397,National League Women,Kazakhstan,2026-03-22,Pavlodar W,Astana W,Not Started,145.46,75.1,70.4,65.2,34.8,HOME,,,,MODEL ONLY,NO PLAY,167.7,AWAY,50.0,50.0,0.95,65.0,32.3,0.636,55.6,49.7
111,Premier League,Belarus,2026-03-22,SDUSHOR Minsk,Rubon II,Not Started,120.71,65.0,55.8,77.8,22.2,HOME,,,,MODEL ONLY,HIGH,195.2,AWAY,50.0,50.0,0.5,48.0,59.2,0.077,29.6,68.2
111,Premier League,Belarus,2026-03-22,Borisfen 2,Gomel,Not Started,155.37,76.7,78.7,43.2,56.8,AWAY,,,,MODEL ONLY,HIGH,,,,,0.364,49.2,53.3,0.846,53.3,43.1
112,Premier League W,Belarus,2026-03-22,Victoria Brest W,Gomel W,Not Started,72.95,31.9,41.1,22.2,77.8,AWAY,,,,MODEL ONLY,HIGH,161.7,AWAY,50.0,50.0,0.043,22.2,131.9,0.261,40.6,108.3
49,Premier League W,Iceland,2026-03-22,Grindavik W,Haukar W,Not Started,168.54,86.0,82.5,61.6,38.4,HOME,,,,MODEL ONLY,HIGH,174.5,AWAY,50.0,50.0,0.7,119.4,103.6,0.571,112.3,98.3
49,Premier League W,Iceland,2026-03-22,Njardvik W,KR Reykjavik W,Not Started,161.77,77.4,84.4,28.1,71.9,AWAY,,,,MODEL ONLY,HIGH,174.5,AWAY,50.0,50.0,0.65,103.9,103.8,0.7,117.8,102.4
226,Premijer Liga Women,Croatia,2026-03-22,Tresnjevka 2009 W,Zadar Plus W,Not Started,147.03,64.0,83.0,5.7,94.3,AWAY,,,,MODEL ONLY,NO PLAY,126.8,AWAY,50.0,50.0,0.25,81.2,115.9,0.824,119.2,58.4
226,Premijer Liga Women,Croatia,2026-03-22,Studio Zagreb W,Zadar W,Not Started,143.37,59.8,83.6,2.3,97.7,AWAY,,,,MODEL ONLY,NO PLAY,126.8,AWAY,50.0,50.0,0.294,73.8,121.8,0.765,121.5,70.2
226,Premijer Liga Women,Croatia,2026-03-22,Sibenik W,KAZL Split W,Not Started,135.47,56.4,79.1,2.9,97.1,AWAY,,,,MODEL ONLY,HIGH,126.8,AWAY,50.0,50.0,0.294,69.4,112.2,0.824,114.9,75.5
30,Premijer liga,Croatia,2026-03-22,Zabok,Dubrovnik,Not Started,150.74,75.2,75.6,48.7,51.3,AWAY,,,,MODEL ONLY,MEDIUM,,,,,0.5,47.6,50.3,0.583,48.4,47.7
43,Pro B,Germany,2026-03-22,Coburg,Dresden,Not Started,163.53,81.5,82.0,48.3,51.7,AWAY,,,,MODEL ONLY,HIGH,,,,,0.579,54.3,49.9,0.737,55.3,43.8
64,Prva A Liga,Montenegro,2026-03-22,Sutjeska,Jedinstvo,Not Started,177.77,84.2,93.6,21.7,78.3,AWAY,,,,MODEL ONLY,HIGH,,,,,0.429,48.7,53.0,0.929,67.5,42.0
123,Prvenstvo BiH,Bosnia-and-Herzegovina,2026-03-22,Student Igokea,Zrinjski Mostar,Not Started,155.91,77.4,78.5,46.3,53.7,AWAY,,,,MODEL ONLY,HIGH,,,,,0.375,48.4,56.4,0.529,50.6,51.0
123,Prvenstvo BiH,Bosnia-and-Herzegovina,2026-03-22,Borac Banja Luka,Mrkonjic Grad,Not Started,145.14,70.5,74.6,36.8,63.2,AWAY,,,,MODEL ONLY,NO PLAY,,,,,0.294,41.9,54.1,0.867,50.0,41.9
123,Prvenstvo BiH,Bosnia-and-Herzegovina,2026-03-22,Siroki Brijeg,Sloboda,Not Started,173.64,84.9,88.7,37.6,62.4,AWAY,,,,MODEL ONLY,HIGH,,,,,0.765,53.4,43.3,0.867,61.0,42.1
219,Prvenstvo BiH Women,Bosnia-and-Herzegovina,2026-03-22,OKK Zenica W,KK Jedinstvo W,Not Started,137.18,68.9,68.3,52.0,48.0,HOME,,,,MODEL ONLY,LOW,136.3,AWAY,50.0,50.0,0.444,92.2,89.9,0.5,91.0,78.6
219,Prvenstvo BiH Women,Bosnia-and-Herzegovina,2026-03-22,Mladi Krajisnik W,Igman W,Not Started,114.24,46.1,68.1,3.3,96.7,AWAY,,,,MODEL ONLY,HIGH,136.3,AWAY,50.0,50.0,0.167,50.5,127.5,0.412,94.5,86.6
219,Prvenstvo BiH Women,Bosnia-and-Herzegovina,2026-03-22,Jumper W,Konjic W,Not Started,112.93,39.0,73.9,0.2,99.8,AWAY,,,,MODEL ONLY,HIGH,136.3,AWAY,50.0,50.0,0.0,36.3,128.7,0.824,106.1,76.2
101,SB League W,Switzerland,2026-03-22,Nyon W,Fribourg W,Not Started,170.75,86.2,84.5,55.5,44.5,HOME,,,,MODEL ONLY,HIGH,171.9,AWAY,50.0,50.0,0.947,119.7,77.2,0.842,116.4,71.2
101,SB League W,Switzerland,2026-03-22,Baden W,Pully W,Not Started,130.88,58.7,72.2,12.9,87.1,AWAY,,,,MODEL ONLY,HIGH,171.9,AWAY,50.0,50.0,0.211,75.4,105.4,0.579,102.5,91.1
267,SBL,Taiwan,2026-03-22,Yulon Luxgen Dinos,Changhua,Not Started,138.78,69.4,69.4,50.2,49.8,HOME,,,,MODEL ONLY,MEDIUM,187.8,AWAY,50.0,50.0,0.333,48.1,52.9,0.6,48.0,49.2
267,SBL,Taiwan,2026-03-22,Taiwan Beer,Keelung Black Kites,Not Started,149.72,74.3,75.5,46.0,54.0,AWAY,,,,MODEL ONLY,LOW,,,,,0.533,50.8,52.8,0.375,53.2,50.0
174,SLB Cup,United Kingdom,2026-03-22,Manchester Basketball,London Lions,Not Started,176.18,84.0,92.2,24.7,75.3,AWAY,,,,MODEL ONLY,HIGH,,,,,0.667,117.0,89.4,1.0,133.4,96.5
273,SLB Cup Women,United Kingdom,2026-03-22,Manchester Basketball W,Sheffield Hatters W,Not Started,184.82,99.2,85.6,87.1,12.9,HOME,,,,MODEL ONLY,HIGH,,,,,1.0,147.4,55.1,1.0,120.2,72.8
364,SLB Women,Europe,2026-03-22,LCC W,Siauliai W,Not Started,113.48,56.7,56.7,50.0,50.0,AWAY,,,,MODEL ONLY,HIGH,147.4,AWAY,50.0,50.0,0,70.0,98.7,0,70.0,98.7
364,SLB Women,Europe,2026-03-22,Klaipedos Neptunas W,Aistes LSU Kaunas W,Not Started,113.48,56.7,56.7,50.0,50.0,AWAY,,,,MODEL ONLY,HIGH,147.4,AWAY,50.0,50.0,0,70.0,98.7,0,70.0,98.7
242,Serie A2,Italy,2026-03-22,Basket Torino,Pistoia,Not Started,147.94,72.3,75.6,39.2,60.8,AWAY,,,,MODEL ONLY,NO PLAY,,,,,0.174,45.9,55.6,0.636,52.5,47.8
242,Serie A2,Italy,2026-03-22,Cividale,Scafati,Not Started,156.32,79.0,77.3,55.6,44.4,HOME,,,,MODEL ONLY,HIGH,,,,,0.696,53.8,47.2,0.652,50.4,47.5
242,Serie A2,Italy,2026-03-22,Forli,Ruvo Di Puglia,Not Started,139.99,69.4,70.6,45.9,54.1,AWAY,,,,MODEL ONLY,MEDIUM,,,,,0.3,45.2,59.1,0.286,47.7,53.2
242,Serie A2,Italy,2026-03-22,Libertas Livorno,Verona,Not Started,153.58,76.1,77.5,45.2,54.8,AWAY,,,,MODEL ONLY,LOW,,,,,0.565,49.7,46.1,0.619,52.6,44.4
242,Serie A2,Italy,2026-03-22,Urania Milano,JuVi Cremona,Not Started,146.06,72.2,73.9,44.5,55.5,AWAY,,,,MODEL ONLY,NO PLAY,,,,,0.478,46.9,47.7,0.5,50.2,51.9
81,Super League,Russia,2026-03-22,Zenit Petersburg 2,Metallurg,Not Started,142.58,67.9,74.7,28.5,71.5,AWAY,,,,MODEL ONLY,NO PLAY,,,,,0.429,90.3,102.7,0.357,103.9,104.4
81,Super League,Russia,2026-03-22,Izhevsk,CSKA Moscow 2,Not Started,148.61,78.3,70.4,74.5,25.5,HOME,,,,MODEL ONLY,NO PLAY,,,,,0.733,109.2,92.5,0.286,93.4,102.1
81,Super League,Russia,2026-03-22,Ufa,Khimki M.,Not Started,151.9,75.5,76.4,47.2,52.8,AWAY,,,,MODEL ONLY,MEDIUM,,,,,0.562,101.0,92.8,0.6,102.7,98.2
81,Super League,Russia,2026-03-22,University-Ugra,Bars Rostov,Cancelled,144.95,66.8,78.1,17.2,82.8,AWAY,,,,MODEL ONLY,NO PLAY,,,,,0.0,87.4,112.8,0.667,110.1,102.8
81,Super League,Russia,2026-03-22,Temp Sumz Revda,Tambov,Not Started,146.17,66.6,79.6,13.9,86.1,AWAY,,,,MODEL ONLY,NO PLAY,,,,,0.2,86.6,119.2,0.714,112.6,93.3
81,Super League,Russia,2026-03-22,Dynamo Grozny,Chelyabinsk,Not Started,156.36,81.9,74.5,73.1,26.9,HOME,,,,MODEL ONLY,HIGH,,,,,0.643,114.1,98.5,0.714,99.3,87.4
50,Super League,Ireland,2026-03-22,UCD Marian,Belfast,Not Started,169.04,84.7,84.3,51.5,48.5,HOME,,,,MODEL ONLY,HIGH,,,,,0.647,116.8,114.0,0.444,115.9,112.6
50,Super League,Ireland,2026-03-22,Neptune,KCYMS,Not Started,156.77,77.0,79.8,40.9,59.1,AWAY,,,,MODEL ONLY,HIGH,,,,,0.278,102.5,110.5,0.389,108.0,118.7
405,Super League,Canada,2026-03-22,KW Titans,Sudbury,Not Started,198.58,99.3,99.2,50.3,49.7,HOME,,,,MODEL ONLY,HIGH,,,,,0.714,53.2,47.5,0.682,53.0,45.7
405,Super League,Canada,2026-03-22,Montreal Toundra,Lake Erie Jackals,Not Started,188.24,93.5,94.7,46.2,53.8,AWAY,,,,MODEL ONLY,HIGH,245.2,AWAY,50.0,50.0,0.182,48.2,56.6,0.636,50.5,47.7
104,Super Ligi,Turkey,2026-03-22,Esenler Erokspor,Fenerbahce,Not Started,166.27,84.7,81.6,60.4,39.6,HOME,,,,MODEL ONLY,HIGH,,,,,0.905,55.7,43.5,0.591,49.4,45.1
104,Super Ligi,Turkey,2026-03-22,Mersin SK,Turk Telekom,Not Started,162.25,82.0,80.2,56.0,44.0,HOME,,,,MODEL ONLY,HIGH,,,,,0.636,52.5,45.9,0.381,48.9,52.2
104,Super Ligi,Turkey,2026-03-22,Trabzonspor,Besiktas,Not Started,168.44,84.4,84.0,51.2,48.8,HOME,,,,MODEL ONLY,HIGH,,,,,0.857,53.9,42.0,0.727,53.2,47.6
104,Super Ligi,Turkey,2026-03-22,Karsiyaka,Manisa,Not Started,145.32,73.1,72.3,52.7,47.3,HOME,,,,MODEL ONLY,NO PLAY,,,,,0.318,45.8,51.2,0.182,44.2,55.5
39,Superleague,Georgia,2026-03-22,Gurjaani Delta,Kutaisi,Game Postponed,148.92,77.0,71.9,66.5,33.5,HOME,,,,MODEL ONLY,NO PLAY,,,,,0.667,52.6,47.3,0.188,42.4,52.5
67,Superleague,Macedonia,2026-03-22,Pelister,TFT Skopje,Not Started,171.66,85.0,86.7,44.5,55.5,AWAY,,,,MODEL ONLY,HIGH,,,,,0.882,117.3,87.1,0.706,120.6,99.3
388,Superliga,Albania,2026-03-22,Teuta Durres,Fieri,Not Started,131.91,63.2,68.7,32.5,67.5,AWAY,,,,MODEL ONLY,HIGH,,,,,0.222,39.9,59.5,0.667,50.8,46.8
388,Superliga,Albania,2026-03-22,Tirana,Partizani Tirana,Not Started,137.11,59.9,77.2,7.5,92.5,AWAY,,,,MODEL ONLY,LOW,,,,,0.167,29.9,61.2,0.824,64.5,39.5
388,Superliga,Albania,2026-03-22,Vllaznia,Beselidhja,Not Started,184.15,98.8,85.3,87.1,12.9,HOME,,,,MODEL ONLY,HIGH,,,,,1.0,81.1,26.6,0.778,54.0,40.2
388,Superliga,Albania,2026-03-22,Elbasani,Apolonia Fier,Not Started,144.55,75.8,68.8,72.2,27.8,HOME,,,,MODEL ONLY,NO PLAY,,,,,0.611,56.9,38.7,0.263,42.8,67.8
59,Superliga,Kosovo,2026-03-22,Trepca,Golden Eagle Ylli,Not Started,159.25,77.1,82.2,33.5,66.5,AWAY,,,,MODEL ONLY,HIGH,,,,,0.458,47.9,49.4,0.875,58.1,43.5
398,Superliga Women,Kosovo,2026-03-22,Penza W,Peja W,Not Started,160.82,83.2,77.6,68.0,32.0,HOME,,,,MODEL ONLY,HIGH,,,,,0.944,66.1,35.3,0.5,54.9,50.7
398,Superliga Women,Kosovo,2026-03-22,Prishtina W,Bashkimi W,Not Started,151.97,78.3,73.7,65.1,34.9,HOME,,,,MODEL ONLY,MEDIUM,,,,,0.833,61.7,35.5,0.611,52.4,45.0
102,TBL,Turkey,2026-03-22,Balikesir,MKE Ankaragucu,Not Started,137.93,69.3,68.6,52.2,47.8,HOME,,,,MODEL ONLY,LOW,,,,,0.28,49.9,59.6,0.308,48.6,59.5
102,TBL,Turkey,2026-03-22,Darussafaka,Bordo Sportif,Not Started,152.03,77.9,74.1,62.4,37.6,HOME,,,,MODEL ONLY,MEDIUM,,,,,0.708,58.3,45.4,0.375,50.7,57.8
102,TBL,Turkey,2026-03-22,Harem Spor,Final Spor,Not Started,145.59,71.2,74.3,39.8,60.2,AWAY,,,,MODEL ONLY,NO PLAY,,,,,0.36,49.0,56.9,0.385,55.2,58.7
270,TKBL Women,Turkey,2026-03-22,Bodrum W,Darica W,Not Started,125.06,61.7,63.4,44.5,55.5,AWAY,,,,MODEL ONLY,HIGH,148.0,AWAY,50.0,50.0,0.455,55.9,72.5,0.182,59.2,75.3
270,TKBL Women,Turkey,2026-03-22,Fenerbahce 2 W,Kirklareli W,Not Started,144.79,74.1,70.7,61.2,38.8,HOME,,,,MODEL ONLY,NO PLAY,148.0,AWAY,50.0,50.0,0.833,71.8,53.5,0.75,65.0,56.9
270,TKBL Women,Turkey,2026-03-22,Yalova W,Turgutlu W,Not Started,148.76,74.9,73.9,53.5,46.5,HOME,,,,MODEL ONLY,NO PLAY,148.0,AWAY,50.0,50.0,0.917,71.4,50.2,0.308,69.3,73.7
427,TPBL,Taiwan,2026-03-22,Hsinchu Jko Lioneers,New Taipei CTBC DEA,Quarter 3,177.55,88.8,88.7,50.3,49.7,HOME,,,,MODEL ONLY,HIGH,,,,,0.48,49.9,47.9,0.56,49.7,46.7
427,TPBL,Taiwan,2026-03-22,Formosa Dreamers,Taipei Taishin Mars,Not Started,179.82,89.3,90.5,46.0,54.0,AWAY,,,,MODEL ONLY,HIGH,,,,,0.36,49.5,53.9,0.593,51.9,49.2
25,Top Division Women,Belgium,2026-03-22,Lummen W,Charleroi W,Not Started,90.28,52.1,38.2,87.7,12.3,HOME,,,,MODEL ONLY,HIGH,126.8,AWAY,50.0,50.0,0.105,62.6,120.3,0.0,34.7,149.2
82,VTB United League,Russia,2026-03-22,Lokomotiv Kuban,Zenit Petersburg,Not Started,169.01,85.9,83.2,58.9,41.1,HOME,,,,MODEL ONLY,HIGH,,,,,0.818,58.6,41.3,0.611,53.2,50.0
82,VTB United League,Russia,2026-03-22,Nizhny Novgorod,Samara,Not Started,127.19,62.4,64.8,42.1,57.9,AWAY,,,,MODEL ONLY,HIGH,,,,,0.105,37.8,65.9,0.278,42.6,58.3
82,VTB United League,Russia,2026-03-22,Parma Perm,CSKA Moscow,Not Started,169.45,87.8,81.6,69.6,30.4,HOME,,,,MODEL ONLY,HIGH,,,,,0.941,63.1,37.7,0.5,50.8,46.4
82,VTB United League,Russia,2026-03-22,Enisey,Unics Kazan,Not Started,162.35,83.8,78.5,67.2,32.8,HOME,,,,MODEL ONLY,HIGH,,,,,0.889,58.9,42.0,0.421,48.2,51.9
246,W League Women,Japan,2026-03-22,Yamanashi Queenbees W,Aisin Wings W,Not Started,112.73,56.8,55.9,52.8,47.2,HOME,,,,MODEL ONLY,HIGH,120.6,AWAY,33.4,66.6,0.296,70.1,95.1,0.111,68.4,103.1
255,WBL Women,Netherlands,2026-03-22,Limburg W,Den Helder W,Not Started,123.38,65.7,57.6,75.0,25.0,HOME,,,,MODEL ONLY,HIGH,,,,,0.7,89.7,79.1,0.286,73.5,100.6
268,WSBL Women,Taiwan,2026-03-22,Taipower W,Chunghua Telecom W,Game Finished,116.55,60.5,56.0,64.5,35.5,HOME,,,,MODEL ONLY,HIGH,166.2,AWAY,50.0,50.0,0.5,49.5,47.3,0.278,40.6,58.3
268,WSBL Women,Taiwan,2026-03-22,Cathay Life W,Taiyuan W,Halftime,131.12,60.2,70.9,18.5,81.5,AWAY,,,,MODEL ONLY,HIGH,166.2,AWAY,50.0,50.0,0.333,44.2,55.9,0.889,65.7,38.4
33,ZBL W,Czech Republic,2026-03-22,Hradec Kralove W,Trutnov W,Not Started,132.95,67.0,65.9,53.5,46.5,HOME,,,,MODEL ONLY,HIGH,187.8,AWAY,50.0,50.0,0.4,89.7,105.1,0.316,87.6,98.1
33,ZBL W,Czech Republic,2026-03-22,KP Brno W,Ostrava W,Not Started,157.92,77.2,80.7,38.7,61.3,AWAY,,,,MODEL ONLY,HIGH,187.8,AWAY,50.0,50.0,0.714,102.6,91.7,0.7,109.5,86.6
33,ZBL W,Czech Republic,2026-03-22,Basket Ostrava W,Slovanka W,Not Started,103.83,53.7,50.1,61.8,38.2,HOME,,,,MODEL ONLY,HIGH,187.8,AWAY,50.0,50.0,0.05,64.0,132.2,0.1,56.8,130.0
